file_name,unformatted_answer
361111_eye_movements,"user: 
## User Requirement
        The dataset is at /Users/andrewyang/Desktop/research/TableMage/benchmarking/ml/datasets/classification_mixed/361111_eye_movements.csv.
        You must perform a 60/40 train/test split using sklearn’s train_test_split function, with random seed 42.

        Predict the variable `label` with machine learning classification.         Report the test AUROC of the best possible model you can train.         Prior to training, consider employing feature selection and/or feature scaling/transformation to improve model performance.         Only report the test AUROC value, rounded to 3 decimal points.
        
## Context

## Current Plan
[
    {
        ""task_id"": ""1"",
        ""dependent_task_ids"": [],
        ""instruction"": ""Load and preprocess the dataset, including feature selection and scaling."",
        ""task_type"": ""data preprocessing"",
        ""code"": ""import pandas as pd\nfrom sklearn.model_selection import train_test_split\nfrom sklearn.preprocessing import StandardScaler\nfrom sklearn.feature_selection import SelectKBest, f_classif\n\n# Load the dataset\nfile_path = '/Users/andrewyang/Desktop/research/TableMage/benchmarking/ml/datasets/classification_mixed/361111_eye_movements.csv'\ndata = pd.read_csv(file_path)\n\n# Separate features and target\nX = data.drop(columns=['label'])\ny = data['label']\n\n# Split the data into train and test sets\nX_train, X_test, y_train, y_test = train_test_split(X, y, test_size=0.4, random_state=42)\n\n# Feature selection\nselector = SelectKBest(score_func=f_classif, k='all')  # Adjust 'k' as needed\nX_train_selected = selector.fit_transform(X_train, y_train)\nX_test_selected = selector.transform(X_test)\n\n# Feature scaling\nscaler = StandardScaler()\nX_train_scaled = scaler.fit_transform(X_train_selected)\nX_test_scaled = scaler.transform(X_test_selected)\n\n# The preprocessed data is now ready for model training\n"",
        ""result"": """",
        ""is_success"": true,
        ""is_finished"": true
    },
    {
        ""task_id"": ""2"",
        ""dependent_task_ids"": [
            ""1""
        ],
        ""instruction"": ""Perform a 60/40 train/test split using sklearn’s train_test_split function with random seed 42."",
        ""task_type"": ""data preprocessing"",
        ""code"": ""from sklearn.ensemble import RandomForestClassifier\nfrom sklearn.metrics import roc_auc_score\n\n# Train a Random Forest Classifier\nmodel = RandomForestClassifier(random_state=42)\nmodel.fit(X_train_scaled, y_train)\n\n# Predict probabilities for the test set\ny_pred_proba = model.predict_proba(X_test_scaled)[:, 1]\n\n# Calculate the AUROC\ntest_auroc = roc_auc_score(y_test, y_pred_proba)\n\n# Report the test AUROC value rounded to 3 decimal points\nprint(f\""Test AUROC: {test_auroc:.3f}\"")\n"",
        ""result"": ""Test AUROC: 0.687\n"",
        ""is_success"": true,
        ""is_finished"": true
    },
    {
        ""task_id"": ""3"",
        ""dependent_task_ids"": [
            ""2""
        ],
        ""instruction"": ""Train a classification model to predict the 'label' variable."",
        ""task_type"": ""model train"",
        ""code"": ""from xgboost import XGBClassifier\nfrom sklearn.model_selection import GridSearchCV\n\n# Define the model without the deprecated parameter\nxgb_model = XGBClassifier(eval_metric='logloss', random_state=42)\n\n# Define the parameter grid for hyperparameter tuning\nparam_grid = {\n    'n_estimators': [100, 200],\n    'max_depth': [3, 5, 7],\n    'learning_rate': [0.01, 0.1, 0.2],\n    'subsample': [0.8, 1.0],\n    'colsample_bytree': [0.8, 1.0]\n}\n\n# Set up the grid search\ngrid_search = GridSearchCV(estimator=xgb_model, param_grid=param_grid, scoring='roc_auc', cv=3, n_jobs=-1, verbose=1)\n\n# Fit the model\ngrid_search.fit(X_train_scaled, y_train)\n\n# Get the best model\nbest_model = grid_search.best_estimator_\n\n# Predict probabilities\ny_pred_proba_best = best_model.predict_proba(X_test_scaled)[:, 1]\n\n# Calculate the AUROC\ntest_auroc_best = roc_auc_score(y_test, y_pred_proba_best)\n\n# Print the test AUROC\nprint(f\""Test AUROC: {test_auroc_best:.3f}\"")\n"",
        ""result"": ""Fitting 3 folds for each of 72 candidates, totalling 216 fits\n,Test AUROC: 0.711\n"",
        ""is_success"": true,
        ""is_finished"": true
    },
    {
        ""task_id"": ""4"",
        ""dependent_task_ids"": [
            ""3""
        ],
        ""instruction"": ""Evaluate the model and report the test AUROC value."",
        ""task_type"": ""model evaluate"",
        ""code"": ""# The model has already been evaluated in the finished tasks, and the test AUROC value has been reported.\n# The best model was the XGBoost model with a test AUROC of 0.711.\n# Therefore, the final test AUROC value is:\n\nprint(f\""Final Test AUROC: {test_auroc_best:.3f}\"")\n"",
        ""result"": ""Final Test AUROC: 0.711\n"",
        ""is_success"": true,
        ""is_finished"": true
    }
]
## Current Task
{}
"
361286_compas-two-years,"user: 
## User Requirement
        The dataset is at /Users/andrewyang/Desktop/research/TableMage/benchmarking/ml/datasets/classification_mixed/361286_compas-two-years.csv.
        You must perform a 60/40 train/test split using sklearn’s train_test_split function, with random seed 42.

        Predict the variable `twoyearrecid` with machine learning classification.         Report the test AUROC of the best possible model you can train.         Prior to training, consider employing feature selection and/or feature scaling/transformation to improve model performance.         Only report the test AUROC value, rounded to 3 decimal points.
        
## Context

## Current Plan
[
    {
        ""task_id"": ""1"",
        ""dependent_task_ids"": [],
        ""instruction"": ""Perform exploratory data analysis on the dataset"",
        ""task_type"": ""eda"",
        ""code"": ""# Import necessary libraries\nimport pandas as pd\nimport numpy as np\nimport matplotlib.pyplot as plt\nimport seaborn as sns\n\n# Load the dataset\nfile_path = '/Users/andrewyang/Desktop/research/TableMage/benchmarking/ml/datasets/classification_mixed/361286_compas-two-years.csv'\ndata = pd.read_csv(file_path)\n\n# Display the first few rows of the dataset\nprint(data.head())\n\n# Check for missing values\nprint(\""\\nMissing values in each column:\"")\nprint(data.isnull().sum())\n\n# Get basic statistics of the dataset\nprint(\""\\nBasic statistics of the dataset:\"")\nprint(data.describe())\n\n# Distinguish column types\nnumerical_cols = data.select_dtypes(include=[np.number]).columns.tolist()\ncategorical_cols = data.select_dtypes(exclude=[np.number]).columns.tolist()\n\nprint(\""\\nNumerical columns:\"", numerical_cols)\nprint(\""Categorical columns:\"", categorical_cols)\n\n# Visualize the distribution of numerical features\nfor col in numerical_cols:\n    plt.figure(figsize=(8, 4))\n    sns.histplot(data[col], kde=True)\n    plt.title(f'Distribution of {col}')\n    plt.show()\n\n# Visualize the correlation matrix\nplt.figure(figsize=(12, 8))\ncorrelation_matrix = data[numerical_cols].corr()\nsns.heatmap(correlation_matrix, annot=True, cmap='coolwarm')\nplt.title('Correlation Matrix')\nplt.show()\n\n# Visualize the distribution of categorical features\nfor col in categorical_cols:\n    plt.figure(figsize=(8, 4))\n    sns.countplot(y=data[col])\n    plt.title(f'Distribution of {col}')\n    plt.show()\n"",
        ""result"": ""   twoyearrecid  sex  age  juv_misd_count  priors_count  age_cat_25-45  \\\n0             0    1   27               0             1              1   \n1             0    1   23               0             2              0   \n2             0    0   61               0             0              0   \n3             0    1   26               0             5              1   \n4             0    0   20               0             0              0   \n\n   age_cat_Greaterthan45  age_cat_Lessthan25  race_African-American  \\\n0                      0                   0                      1   \n1                      0                   1                      1   \n2                      1                   0                      0   \n3                      0                   0                      0   \n4                      0                   1                      1   \n\n   race_Caucasian  c_charge_degree_F  c_charge_degree_M  \n0               0                  1                  0  \n1               0                  1                  0  \n2               1                  0                  1  \n3               1                  0                  1  \n4               0                  0                  1  \n\nMissing values in each column:\ntwoyearrecid             0\nsex                      0\nage                      0\njuv_misd_count           0\npriors_count             0\nage_cat_25-45            0\nage_cat_Greaterthan45    0\nage_cat_Lessthan25       0\nrace_African-American    0\nrace_Caucasian           0\nc_charge_degree_F        0\nc_charge_degree_M        0\ndtype: int64\n\nBasic statistics of the dataset:\n       twoyearrecid          sex          age  juv_misd_count  priors_count  \\\ncount    4966.00000  4966.000000  4966.000000     4966.000000   4966.000000   \nmean        0.50000     0.807088    34.335884        0.103504      3.552356   \nstd         0.50005     0.394624    11.667358        0.531543      4.950223   \nmin         0.00000     0.000000    18.000000        0.000000,,,,,,,,,,,,,"",
        ""is_success"": true,
        ""is_finished"": true
    },
    {
        ""task_id"": ""2"",
        ""dependent_task_ids"": [
            ""1""
        ],
        ""instruction"": ""Preprocess the dataset including feature selection and scaling"",
        ""task_type"": ""data preprocessing"",
        ""code"": ""from sklearn.model_selection import train_test_split\nfrom sklearn.preprocessing import StandardScaler\nfrom sklearn.feature_selection import SelectKBest, f_classif\nfrom sklearn.pipeline import Pipeline\nfrom sklearn.compose import ColumnTransformer\nfrom sklearn.impute import SimpleImputer\nfrom sklearn.ensemble import RandomForestClassifier\nfrom sklearn.metrics import roc_auc_score\n\n# Splitting the data into features and target\nX = data.drop(columns=['twoyearrecid'])\ny = data['twoyearrecid']\n\n# Splitting the dataset into train and test sets\nX_train, X_test, y_train, y_test = train_test_split(X, y, test_size=0.4, random_state=42)\n\n# Feature scaling and selection\nnumeric_features = ['age', 'juv_misd_count', 'priors_count']\ncategorical_features = ['sex', 'age_cat_25-45', 'age_cat_Greaterthan45', 'age_cat_Lessthan25', \n                        'race_African-American', 'race_Caucasian', 'c_charge_degree_F', 'c_charge_degree_M']\n\n# Preprocessing for numerical data\nnumeric_transformer = Pipeline(steps=[\n    ('imputer', SimpleImputer(strategy='median')),\n    ('scaler', StandardScaler())\n])\n\n# Preprocessing for categorical data\ncategorical_transformer = Pipeline(steps=[\n    ('imputer', SimpleImputer(strategy='most_frequent'))\n])\n\n# Combine preprocessing steps\npreprocessor = ColumnTransformer(\n    transformers=[\n        ('num', numeric_transformer, numeric_features),\n        ('cat', categorical_transformer, categorical_features)\n    ])\n\n# Create a pipeline that combines preprocessing and model training\npipeline = Pipeline(steps=[\n    ('preprocessor', preprocessor),\n    ('feature_selection', SelectKBest(score_func=f_classif, k='all')),\n    ('classifier', RandomForestClassifier(random_state=42))\n])\n\n# Train the model\npipeline.fit(X_train, y_train)\n\n# Predict and evaluate the model\ny_pred_proba = pipeline.predict_proba(X_test)[:, 1]\ntest_auroc = roc_auc_score(y_test, y_pred_proba)\n\n# Report the test AUROC\nprint(f'Test AUROC: {test_auroc:.3f}')\n"",
        ""result"": ""Test AUROC: 0.665\n"",
        ""is_success"": true,
        ""is_finished"": true
    },
    {
        ""task_id"": ""3"",
        ""dependent_task_ids"": [
            ""2""
        ],
        ""instruction"": ""Train a classification model to predict 'twoyearrecid'"",
        ""task_type"": ""model train"",
        ""code"": ""from sklearn.model_selection import GridSearchCV\nfrom xgboost import XGBClassifier\n\n# Define the parameter grid for XGBoost\nparam_grid = {\n    'n_estimators': [100, 200],\n    'max_depth': [3, 5, 7],\n    'learning_rate': [0.01, 0.1, 0.2],\n    'subsample': [0.8, 1.0],\n    'colsample_bytree': [0.8, 1.0]\n}\n\n# Initialize the XGBoost classifier\nxgb = XGBClassifier(use_label_encoder=False, eval_metric='logloss', random_state=42)\n\n# Set up the grid search\ngrid_search = GridSearchCV(estimator=xgb, param_grid=param_grid, scoring='roc_auc', cv=5, n_jobs=-1, verbose=1)\n\n# Fit the grid search to the training data\ngrid_search.fit(X_train, y_train)\n\n# Get the best model from grid search\nbest_model = grid_search.best_estimator_\n\n# Predict probabilities on the test set\ny_pred_proba = best_model.predict_proba(X_test)[:, 1]\n\n# Calculate the AUROC\ntest_auroc = roc_auc_score(y_test, y_pred_proba)\n\n# Print the test AUROC\nprint(f'Test AUROC: {test_auroc:.3f}')\n"",
        ""result"": ""Fitting 5 folds for each of 72 candidates, totalling 360 fits\n,/Users/andrewyang/anaconda3/envs/datainterpreter/lib/python3.11/site-packages/xgboost/core.py:158: UserWarning: [12:09:43] WARNING: /Users/runner/work/xgboost/xgboost/src/learner.cc:740: \nParameters: { \""use_label_encoder\"" } are not used.\n\n  warnings.warn(smsg, UserWarning)\n/Users/andrewyang/anaconda3/envs/datainterpreter/lib/python3.11/site-packages/xgboost/core.py:158: UserWarning: [12:09:43] WARNING: /Users/runner/work/xgboost/xgboost/src/learner.cc:740: \nParameters: { \""use_label_encoder\"" } are not used.\n\n  warnings.warn(smsg, UserWarning)\n/Users/andrewyang/anaconda3/envs/datainterpreter/lib/python3.11/site-packages/xgboost/core.py:158: UserWarning: [12:09:43] WARNING: /Users/runner/work/xgboost/xgboost/src/learner.cc:740: \nParameters: { \""use_label_encoder\"" } are not used.\n\n  warnings.warn(smsg, UserWarning)\n/Users/andrewyang/anaconda3/envs/datainterpreter/lib/python3.11/site-packages/xgboost/core.py:158: UserWarning: [12:09:43] WARNING: /Users/runner/work/xgboost/xgboost/src/learner.cc:740: \nParameters: { \""use_label_encoder\"" } are not used.\n\n  warnings.warn(smsg, UserWarning)\n,/Users/andrewyang/anaconda3/envs/datainterpreter/lib/python3.11/site-packages/xgboost/core.py:158: UserWarning: [12:09:44] WARNING: /Users/runner/work/xgboost/xgboost/src/learner.cc:740: \nParameters: { \""use_label_encoder\"" } are not used.\n\n  warnings.warn(smsg, UserWarning)\n/Users/andrewyang/anaconda3/envs/datainterpreter/lib/python3.11/site-packages/xgboost/core.py:158: UserWarning: [12:09:44] WARNING: /Users/runner/work/xgboost/xgboost/src/learner.cc:740: \nParameters: { \""use_label_encoder\"" } are not used.\n\n  warnings.warn(smsg, UserWarning)\n/Users/andrewyang/anaconda3/envs/datainterpreter/lib/python3.11/site-packages/xgboost/core.py:158: UserWarning: [12:09:44] WARNING: /Users/runner/work/xgboost/xgboost/src/learner.cc:740: \nParameters: { \""use_label_encoder\"" } are not used.\n\n  warnings.warn(smsg, UserWarning)\n/Users/andrewyang/anaconda3/envs/datainterpreter/lib/python3.11/site-packages/xgboost/core.py:158: UserWarning: [12:09:44] WARNING: /Users/runner/work/xgboost/xgboost/src/learner.cc:740: \nParameters: { \""use_label_encoder\"" } are not used.\n\n  warnings.warn(smsg, UserWarning)\n/Users/andrewyang/anaconda3/envs/datainterpreter/lib/python3.11/site-packages/xgboost/core.py:158: UserWarning: [12:09:44] WARNING: /Users/runner/work/xgboost/xgboost/src/learner.cc:740: \nParameters: { \""use_label_encoder\"" } are not used.\n\n  warnings.warn(smsg, UserWarning)\n/Users/andrewyang/anaconda3/envs/datainterpreter/lib/python3.11/site-packages/xgboost/core.py:158: UserWarning: [12:09:44] WARNING: /Users/runner/work/xgboost/xgboost/src/learner.cc:740: \nParameters: { \""use_label_encoder\"" } are not used.\n\n  warnings.warn(smsg, UserWarning)\n/Users/andrewyang/anaconda3/envs/datainterpreter/lib/python3.11/site-packages/xgboost/core.py:158: UserWarning: [12:09:44] WARNING: /Users/runner/work/xgboost/xgboost/src/learner.cc:740: \nParameters: { \""use_label_encoder\"" } are not used.\n\n  warnings.warn(smsg, UserWarning)\n/Users/andrewyang/anaconda3/envs/datainterpreter/lib/python3.11/site-packages/xgbo,/Users/andrewyang/anaconda3/envs/datainterpreter/lib/python3.11/site-packages/xgboost/core.py:158: UserWarning: [12:09:44] WARNING: /Users/runner/work/xgboost/xgboost/src/learner.cc:740: \nParameters: { \""use_label_encoder\"" } are not used.\n\n  warnings.warn(smsg, UserWarning)\n/Users/andrewyang/anaconda3/envs/datainterpreter/lib/python3.11/site-packages/xgboost/core.py:158: UserWarning: [12:09:44] WARNING: /Users/runner/work/xgboost/xgboost/src/learner.cc:740: \nParameters: { \""use_label_encoder\"" } are not used.\n\n  warnings.warn(smsg, UserWarning)\n/Users/andrewyang/anaconda3/envs/datainterpreter/lib/python3.11/site-packages/xgboost/core.py:158: UserWarning: [12:09:44] WARNING: /Users/runner/work/xgboost/xgboost/src/learner.cc:740: \nParameters: { \""use_label_encoder\"" } are not used.\n\n  warnings.warn(smsg, UserWarning)\n/Users/andrewyang/anaconda3/envs/datainterpreter/lib/python3.11/site-packages/xgboost/core.py:158: UserWarning: [12:09:44] WARNING: /Users/runner/work/xgboost/xgboost/src/learner.cc:740: \nParameters: { \""use_label_encoder\"" } are not used.\n\n  warnings.warn(smsg, UserWarning)\n/Users/andrewyang/anaconda3/envs/datainterpreter/lib/python3.11/site-packages/xgboost/core.py:158: UserWarning: [12:09:44] WARNING: /Users/runner/work/xgboost/xgboost/src/learner.cc:740: \nParameters: { \""use_label_encoder\"" } are not used.\n\n  warnings.warn(smsg, UserWarning)\n/Users/andrewyang/anaconda3/envs/datainterpreter/lib/python3.11/site-packages/xgboost/core.py:158: UserWarning: [12:09:44] WARNING: /Users/runner/work/xgboost/xgboost/src/learner.cc:740: \nParameters: { \""use_label_encoder\"" } are not used.\n\n  warnings.warn(smsg, UserWarning)\n/Users/andrewyang/anaconda3/envs/datainterpreter/lib/python3.11/site-packages/xgboost/core.py:158: UserWarning: [12:09:44] WARNING: /Users/runner/work/xgboost/xgboost/src/learner.cc:740: \nParameters: { \""use_label_encoder\"" } are not used.\n\n  warnings.warn(smsg, UserWarning)\n/Users/andrewyang/anaconda3/envs/datainterpreter/lib/python3.11/site-packages/xgbo,/Users/andrewyang/anaconda3/envs/datainterpreter/lib/python3.11/site-packages/xgboost/core.py:158: UserWarning: [12:09:44] WARNING: /Users/runner/work/xgboost/xgboost/src/learner.cc:740: \nParameters: { \""use_label_encoder\"" } are not used.\n\n  warnings.warn(smsg, UserWarning)\n/Users/andrewyang/anaconda3/envs/datainterpreter/lib/python3.11/site-packages/xgboost/core.py:158: UserWarning: [12:09:44] WARNING: /Users/runner/work/xgboost/xgboost/src/learner.cc:740: \nParameters: { \""use_label_encoder\"" } are not used.\n\n  warnings.warn(smsg, UserWarning)\n/Users/andrewyang/anaconda3/envs/datainterpreter/lib/python3.11/site-packages/xgboost/core.py:158: UserWarning: [12:09:44] WARNING: /Users/runner/work/xgboost/xgboost/src/learner.cc:740: \nParameters: { \""use_label_encoder\"" } are not used.\n\n  warnings.warn(smsg, UserWarning)\n/Users/andrewyang/anaconda3/envs/datainterpreter/lib/python3.11/site-packages/xgboost/core.py:158: UserWarning: [12:09:44] WARNING: /Users/runner/work/xgboost/xgboost/src/learner.cc:740: \nParameters: { \""use_label_encoder\"" } are not used.\n\n  warnings.warn(smsg, UserWarning)\n/Users/andrewyang/anaconda3/envs/datainterpreter/lib/python3.11/site-packages/xgboost/core.py:158: UserWarning: [12:09:44] WARNING: /Users/runner/work/xgboost/xgboost/src/learner.cc:740: \nParameters: { \""use_label_encoder\"" } are not used.\n\n  warnings.warn(smsg, UserWarning)\n/Users/andrewyang/anaconda3/envs/datainterpreter/lib/python3.11/site-packages/xgboost/core.py:158: UserWarning: [12:09:44] WARNING: /Users/runner/work/xgboost/xgboost/src/learner.cc:740: \nParameters: { \""use_label_encoder\"" } are not used.\n\n  warnings.warn(smsg, UserWarning)\n/Users/andrewyang/anaconda3/envs/datainterpreter/lib/python3.11/site-packages/xgboost/core.py:158: UserWarning: [12:09:44] WARNING: /Users/runner/work/xgboost/xgboost/src/learner.cc:740: \nParameters: { \""use_label_encoder\"" } are not used.\n\n  warnings.warn(smsg, UserWarning)\n/Users/andrewyang/anaconda3/envs/datainterpreter/lib/python3.11/site-packages/xgbo,/Users/andrewyang/anaconda3/envs/datainterpreter/lib/python3.11/site-packages/xgboost/core.py:158: UserWarning: [12:09:44] WARNING: /Users/runner/work/xgboost/xgboost/src/learner.cc:740: \nParameters: { \""use_label_encoder\"" } are not used.\n\n  warnings.warn(smsg, UserWarning)\n/Users/andrewyang/anaconda3/envs/datainterpreter/lib/python3.11/site-packages/xgboost/core.py:158: UserWarning: [12:09:44] WARNING: /Users/runner/work/xgboost/xgboost/src/learner.cc:740: \nParameters: { \""use_label_encoder\"" } are not used.\n\n  warnings.warn(smsg, UserWarning)\n/Users/andrewyang/anaconda3/envs/datainterpreter/lib/python3.11/site-packages/xgboost/core.py:158: UserWarning: [12:09:44] WARNING: /Users/runner/work/xgboost/xgboost/src/learner.cc:740: \nParameters: { \""use_label_encoder\"" } are not used.\n\n  warnings.warn(smsg, UserWarning)\n/Users/andrewyang/anaconda3/envs/datainterpreter/lib/python3.11/site-packages/xgboost/core.py:158: UserWarning: [12:09:44] WARNING: /Users/runner/work/xgboost/xgboost/src/learner.cc:740: \nParameters: { \""use_label_encoder\"" } are not used.\n\n  warnings.warn(smsg, UserWarning)\n/Users/andrewyang/anaconda3/envs/datainterpreter/lib/python3.11/site-packages/xgboost/core.py:158: UserWarning: [12:09:44] WARNING: /Users/runner/work/xgboost/xgboost/src/learner.cc:740: \nParameters: { \""use_label_encoder\"" } are not used.\n\n  warnings.warn(smsg, UserWarning)\n/Users/andrewyang/anaconda3/envs/datainterpreter/lib/python3.11/site-packages/xgboost/core.py:158: UserWarning: [12:09:44] WARNING: /Users/runner/work/xgboost/xgboost/src/learner.cc:740: \nParameters: { \""use_label_encoder\"" } are not used.\n\n  warnings.warn(smsg, UserWarning)\n/Users/andrewyang/anaconda3/envs/datainterpreter/lib/python3.11/site-packages/xgboost/core.py:158: UserWarning: [12:09:44] WARNING: /Users/runner/work/xgboost/xgboost/src/learner.cc:740: \nParameters: { \""use_label_encoder\"" } are not used.\n\n  warnings.warn(smsg, UserWarning)\n/Users/andrewyang/anaconda3/envs/datainterpreter/lib/python3.11/site-packages/xgbo,/Users/andrewyang/anaconda3/envs/datainterpreter/lib/python3.11/site-packages/xgboost/core.py:158: UserWarning: [12:09:44] WARNING: /Users/runner/work/xgboost/xgboost/src/learner.cc:740: \nParameters: { \""use_label_encoder\"" } are not used.\n\n  warnings.warn(smsg, UserWarning)\n/Users/andrewyang/anaconda3/envs/datainterpreter/lib/python3.11/site-packages/xgboost/core.py:158: UserWarning: [12:09:44] WARNING: /Users/runner/work/xgboost/xgboost/src/learner.cc:740: \nParameters: { \""use_label_encoder\"" } are not used.\n\n  warnings.warn(smsg, UserWarning)\n/Users/andrewyang/anaconda3/envs/datainterpreter/lib/python3.11/site-packages/xgboost/core.py:158: UserWarning: [12:09:44] WARNING: /Users/runner/work/xgboost/xgboost/src/learner.cc:740: \nParameters: { \""use_label_encoder\"" } are not used.\n\n  warnings.warn(smsg, UserWarning)\n/Users/andrewyang/anaconda3/envs/datainterpreter/lib/python3.11/site-packages/xgboost/core.py:158: UserWarning: [12:09:44] WARNING: /Users/runner/work/xgboost/xgboost/src/learner.cc:740: \nParameters: { \""use_label_encoder\"" } are not used.\n\n  warnings.warn(smsg, UserWarning)\n/Users/andrewyang/anaconda3/envs/datainterpreter/lib/python3.11/site-packages/xgboost/core.py:158: UserWarning: [12:09:44] WARNING: /Users/runner/work/xgboost/xgboost/src/learner.cc:740: \nParameters: { \""use_label_encoder\"" } are not used.\n\n  warnings.warn(smsg, UserWarning)\n/Users/andrewyang/anaconda3/envs/datainterpreter/lib/python3.11/site-packages/xgboost/core.py:158: UserWarning: [12:09:44] WARNING: /Users/runner/work/xgboost/xgboost/src/learner.cc:740: \nParameters: { \""use_label_encoder\"" } are not used.\n\n  warnings.warn(smsg, UserWarning)\n/Users/andrewyang/anaconda3/envs/datainterpreter/lib/python3.11/site-packages/xgboost/core.py:158: UserWarning: [12:09:44] WARNING: /Users/runner/work/xgboost/xgboost/src/learner.cc:740: \nParameters: { \""use_label_encoder\"" } are not used.\n\n  warnings.warn(smsg, UserWarning)\n/Users/andrewyang/anaconda3/envs/datainterpreter/lib/python3.11/site-packages/xgbo,/Users/andrewyang/anaconda3/envs/datainterpreter/lib/python3.11/site-packages/xgboost/core.py:158: UserWarning: [12:09:45] WARNING: /Users/runner/work/xgboost/xgboost/src/learner.cc:740: \nParameters: { \""use_label_encoder\"" } are not used.\n\n  warnings.warn(smsg, UserWarning)\n/Users/andrewyang/anaconda3/envs/datainterpreter/lib/python3.11/site-packages/xgboost/core.py:158: UserWarning: [12:09:45] WARNING: /Users/runner/work/xgboost/xgboost/src/learner.cc:740: \nParameters: { \""use_label_encoder\"" } are not used.\n\n  warnings.warn(smsg, UserWarning)\n/Users/andrewyang/anaconda3/envs/datainterpreter/lib/python3.11/site-packages/xgboost/core.py:158: UserWarning: [12:09:45] WARNING: /Users/runner/work/xgboost/xgboost/src/learner.cc:740: \nParameters: { \""use_label_encoder\"" } are not used.\n\n  warnings.warn(smsg, UserWarning)\n/Users/andrewyang/anaconda3/envs/datainterpreter/lib/python3.11/site-packages/xgboost/core.py:158: UserWarning: [12:09:45] WARNING: /Users/runner/work/xgboost/xgboost/src/learner.cc:740: \nParameters: { \""use_label_encoder\"" } are not used.\n\n  warnings.warn(smsg, UserWarning)\n/Users/andrewyang/anaconda3/envs/datainterpreter/lib/python3.11/site-packages/xgboost/core.py:158: UserWarning: [12:09:45] WARNING: /Users/runner/work/xgboost/xgboost/src/learner.cc:740: \nParameters: { \""use_label_encoder\"" } are not used.\n\n  warnings.warn(smsg, UserWarning)\n/Users/andrewyang/anaconda3/envs/datainterpreter/lib/python3.11/site-packages/xgboost/core.py:158: UserWarning: [12:09:45] WARNING: /Users/runner/work/xgboost/xgboost/src/learner.cc:740: \nParameters: { \""use_label_encoder\"" } are not used.\n\n  warnings.warn(smsg, UserWarning)\n/Users/andrewyang/anaconda3/envs/datainterpreter/lib/python3.11/site-packages/xgboost/core.py:158: UserWarning: [12:09:45] WARNING: /Users/runner/work/xgboost/xgboost/src/learner.cc:740: \nParameters: { \""use_label_encoder\"" } are not used.\n\n  warnings.warn(smsg, UserWarning)\n/Users/andrewyang/anaconda3/envs/datainterpreter/lib/python3.11/site-packages/xgbo,/Users/andrewyang/anaconda3/envs/datainterpreter/lib/python3.11/site-packages/xgboost/core.py:158: UserWarning: [12:09:45] WARNING: /Users/runner/work/xgboost/xgboost/src/learner.cc:740: \nParameters: { \""use_label_encoder\"" } are not used.\n\n  warnings.warn(smsg, UserWarning)\n/Users/andrewyang/anaconda3/envs/datainterpreter/lib/python3.11/site-packages/xgboost/core.py:158: UserWarning: [12:09:45] WARNING: /Users/runner/work/xgboost/xgboost/src/learner.cc:740: \nParameters: { \""use_label_encoder\"" } are not used.\n\n  warnings.warn(smsg, UserWarning)\n/Users/andrewyang/anaconda3/envs/datainterpreter/lib/python3.11/site-packages/xgboost/core.py:158: UserWarning: [12:09:45] WARNING: /Users/runner/work/xgboost/xgboost/src/learner.cc:740: \nParameters: { \""use_label_encoder\"" } are not used.\n\n  warnings.warn(smsg, UserWarning)\n/Users/andrewyang/anaconda3/envs/datainterpreter/lib/python3.11/site-packages/xgboost/core.py:158: UserWarning: [12:09:45] WARNING: /Users/runner/work/xgboost/xgboost/src/learner.cc:740: \nParameters: { \""use_label_encoder\"" } are not used.\n\n  warnings.warn(smsg, UserWarning)\n/Users/andrewyang/anaconda3/envs/datainterpreter/lib/python3.11/site-packages/xgboost/core.py:158: UserWarning: [12:09:45] WARNING: /Users/runner/work/xgboost/xgboost/src/learner.cc:740: \nParameters: { \""use_label_encoder\"" } are not used.\n\n  warnings.warn(smsg, UserWarning)\n/Users/andrewyang/anaconda3/envs/datainterpreter/lib/python3.11/site-packages/xgboost/core.py:158: UserWarning: [12:09:45] WARNING: /Users/runner/work/xgboost/xgboost/src/learner.cc:740: \nParameters: { \""use_label_encoder\"" } are not used.\n\n  warnings.warn(smsg, UserWarning)\n/Users/andrewyang/anaconda3/envs/datainterpreter/lib/python3.11/site-packages/xgboost/core.py:158: UserWarning: [12:09:45] WARNING: /Users/runner/work/xgboost/xgboost/src/learner.cc:740: \nParameters: { \""use_label_encoder\"" } are not used.\n\n  warnings.warn(smsg, UserWarning)\n/Users/andrewyang/anaconda3/envs/datainterpreter/lib/python3.11/site-packages/xgbo,/Users/andrewyang/anaconda3/envs/datainterpreter/lib/python3.11/site-packages/xgboost/core.py:158: UserWarning: [12:09:45] WARNING: /Users/runner/work/xgboost/xgboost/src/learner.cc:740: \nParameters: { \""use_label_encoder\"" } are not used.\n\n  warnings.warn(smsg, UserWarning)\n/Users/andrewyang/anaconda3/envs/datainterpreter/lib/python3.11/site-packages/xgboost/core.py:158: UserWarning: [12:09:45] WARNING: /Users/runner/work/xgboost/xgboost/src/learner.cc:740: \nParameters: { \""use_label_encoder\"" } are not used.\n\n  warnings.warn(smsg, UserWarning)\n/Users/andrewyang/anaconda3/envs/datainterpreter/lib/python3.11/site-packages/xgboost/core.py:158: UserWarning: [12:09:45] WARNING: /Users/runner/work/xgboost/xgboost/src/learner.cc:740: \nParameters: { \""use_label_encoder\"" } are not used.\n\n  warnings.warn(smsg, UserWarning)\n/Users/andrewyang/anaconda3/envs/datainterpreter/lib/python3.11/site-packages/xgboost/core.py:158: UserWarning: [12:09:45] WARNING: /Users/runner/work/xgboost/xgboost/src/learner.cc:740: \nParameters: { \""use_label_encoder\"" } are not used.\n\n  warnings.warn(smsg, UserWarning)\n/Users/andrewyang/anaconda3/envs/datainterpreter/lib/python3.11/site-packages/xgboost/core.py:158: UserWarning: [12:09:45] WARNING: /Users/runner/work/xgboost/xgboost/src/learner.cc:740: \nParameters: { \""use_label_encoder\"" } are not used.\n\n  warnings.warn(smsg, UserWarning)\n/Users/andrewyang/anaconda3/envs/datainterpreter/lib/python3.11/site-packages/xgboost/core.py:158: UserWarning: [12:09:45] WARNING: /Users/runner/work/xgboost/xgboost/src/learner.cc:740: \nParameters: { \""use_label_encoder\"" } are not used.\n\n  warnings.warn(smsg, UserWarning)\n/Users/andrewyang/anaconda3/envs/datainterpreter/lib/python3.11/site-packages/xgboost/core.py:158: UserWarning: [12:09:45] WARNING: /Users/runner/work/xgboost/xgboost/src/learner.cc:740: \nParameters: { \""use_label_encoder\"" } are not used.\n\n  warnings.warn(smsg, UserWarning)\n/Users/andrewyang/anaconda3/envs/datainterpreter/lib/python3.11/site-packages/xgbo,/Users/andrewyang/anaconda3/envs/datainterpreter/lib/python3.11/site-packages/xgboost/core.py:158: UserWarning: [12:09:45] WARNING: /Users/runner/work/xgboost/xgboost/src/learner.cc:740: \nParameters: { \""use_label_encoder\"" } are not used.\n\n  warnings.warn(smsg, UserWarning)\n/Users/andrewyang/anaconda3/envs/datainterpreter/lib/python3.11/site-packages/xgboost/core.py:158: UserWarning: [12:09:45] WARNING: /Users/runner/work/xgboost/xgboost/src/learner.cc:740: \nParameters: { \""use_label_encoder\"" } are not used.\n\n  warnings.warn(smsg, UserWarning)\n/Users/andrewyang/anaconda3/envs/datainterpreter/lib/python3.11/site-packages/xgboost/core.py:158: UserWarning: [12:09:45] WARNING: /Users/runner/work/xgboost/xgboost/src/learner.cc:740: \nParameters: { \""use_label_encoder\"" } are not used.\n\n  warnings.warn(smsg, UserWarning)\n/Users/andrewyang/anaconda3/envs/datainterpreter/lib/python3.11/site-packages/xgboost/core.py:158: UserWarning: [12:09:45] WARNING: /Users/runner/work/xgboost/xgboost/src/learner.cc:740: \nParameters: { \""use_label_encoder\"" } are not used.\n\n  warnings.warn(smsg, UserWarning)\n/Users/andrewyang/anaconda3/envs/datainterpreter/lib/python3.11/site-packages/xgboost/core.py:158: UserWarning: [12:09:45] WARNING: /Users/runner/work/xgboost/xgboost/src/learner.cc:740: \nParameters: { \""use_label_encoder\"" } are not used.\n\n  warnings.warn(smsg, UserWarning)\n/Users/andrewyang/anaconda3/envs/datainterpreter/lib/python3.11/site-packages/xgboost/core.py:158: UserWarning: [12:09:45] WARNING: /Users/runner/work/xgboost/xgboost/src/learner.cc:740: \nParameters: { \""use_label_encoder\"" } are not used.\n\n  warnings.warn(smsg, UserWarning)\n/Users/andrewyang/anaconda3/envs/datainterpreter/lib/python3.11/site-packages/xgboost/core.py:158: UserWarning: [12:09:45] WARNING: /Users/runner/work/xgboost/xgboost/src/learner.cc:740: \nParameters: { \""use_label_encoder\"" } are not used.\n\n  warnings.warn(smsg, UserWarning)\n/Users/andrewyang/anaconda3/envs/datainterpreter/lib/python3.11/site-packages/xgbo,/Users/andrewyang/anaconda3/envs/datainterpreter/lib/python3.11/site-packages/xgboost/core.py:158: UserWarning: [12:09:45] WARNING: /Users/runner/work/xgboost/xgboost/src/learner.cc:740: \nParameters: { \""use_label_encoder\"" } are not used.\n\n  warnings.warn(smsg, UserWarning)\n/Users/andrewyang/anaconda3/envs/datainterpreter/lib/python3.11/site-packages/xgboost/core.py:158: UserWarning: [12:09:45] WARNING: /Users/runner/work/xgboost/xgboost/src/learner.cc:740: \nParameters: { \""use_label_encoder\"" } are not used.\n\n  warnings.warn(smsg, UserWarning)\n/Users/andrewyang/anaconda3/envs/datainterpreter/lib/python3.11/site-packages/xgboost/core.py:158: UserWarning: [12:09:45] WARNING: /Users/runner/work/xgboost/xgboost/src/learner.cc:740: \nParameters: { \""use_label_encoder\"" } are not used.\n\n  warnings.warn(smsg, UserWarning)\n/Users/andrewyang/anaconda3/envs/datainterpreter/lib/python3.11/site-packages/xgboost/core.py:158: UserWarning: [12:09:45] WARNING: /Users/runner/work/xgboost/xgboost/src/learner.cc:740: \nParameters: { \""use_label_encoder\"" } are not used.\n\n  warnings.warn(smsg, UserWarning)\n/Users/andrewyang/anaconda3/envs/datainterpreter/lib/python3.11/site-packages/xgboost/core.py:158: UserWarning: [12:09:45] WARNING: /Users/runner/work/xgboost/xgboost/src/learner.cc:740: \nParameters: { \""use_label_encoder\"" } are not used.\n\n  warnings.warn(smsg, UserWarning)\n/Users/andrewyang/anaconda3/envs/datainterpreter/lib/python3.11/site-packages/xgboost/core.py:158: UserWarning: [12:09:45] WARNING: /Users/runner/work/xgboost/xgboost/src/learner.cc:740: \nParameters: { \""use_label_encoder\"" } are not used.\n\n  warnings.warn(smsg, UserWarning)\n/Users/andrewyang/anaconda3/envs/datainterpreter/lib/python3.11/site-packages/xgboost/core.py:158: UserWarning: [12:09:45] WARNING: /Users/runner/work/xgboost/xgboost/src/learner.cc:740: \nParameters: { \""use_label_encoder\"" } are not used.\n\n  warnings.warn(smsg, UserWarning)\n/Users/andrewyang/anaconda3/envs/datainterpreter/lib/python3.11/site-packages/xgbo,/Users/andrewyang/anaconda3/envs/datainterpreter/lib/python3.11/site-packages/xgboost/core.py:158: UserWarning: [12:09:46] WARNING: /Users/runner/work/xgboost/xgboost/src/learner.cc:740: \nParameters: { \""use_label_encoder\"" } are not used.\n\n  warnings.warn(smsg, UserWarning)\n/Users/andrewyang/anaconda3/envs/datainterpreter/lib/python3.11/site-packages/xgboost/core.py:158: UserWarning: [12:09:46] WARNING: /Users/runner/work/xgboost/xgboost/src/learner.cc:740: \nParameters: { \""use_label_encoder\"" } are not used.\n\n  warnings.warn(smsg, UserWarning)\n/Users/andrewyang/anaconda3/envs/datainterpreter/lib/python3.11/site-packages/xgboost/core.py:158: UserWarning: [12:09:46] WARNING: /Users/runner/work/xgboost/xgboost/src/learner.cc:740: \nParameters: { \""use_label_encoder\"" } are not used.\n\n  warnings.warn(smsg, UserWarning)\n/Users/andrewyang/anaconda3/envs/datainterpreter/lib/python3.11/site-packages/xgboost/core.py:158: UserWarning: [12:09:46] WARNING: /Users/runner/work/xgboost/xgboost/src/learner.cc:740: \nParameters: { \""use_label_encoder\"" } are not used.\n\n  warnings.warn(smsg, UserWarning)\n/Users/andrewyang/anaconda3/envs/datainterpreter/lib/python3.11/site-packages/xgboost/core.py:158: UserWarning: [12:09:46] WARNING: /Users/runner/work/xgboost/xgboost/src/learner.cc:740: \nParameters: { \""use_label_encoder\"" } are not used.\n\n  warnings.warn(smsg, UserWarning)\n/Users/andrewyang/anaconda3/envs/datainterpreter/lib/python3.11/site-packages/xgboost/core.py:158: UserWarning: [12:09:46] WARNING: /Users/runner/work/xgboost/xgboost/src/learner.cc:740: \nParameters: { \""use_label_encoder\"" } are not used.\n\n  warnings.warn(smsg, UserWarning)\n/Users/andrewyang/anaconda3/envs/datainterpreter/lib/python3.11/site-packages/xgboost/core.py:158: UserWarning: [12:09:46] WARNING: /Users/runner/work/xgboost/xgboost/src/learner.cc:740: \nParameters: { \""use_label_encoder\"" } are not used.\n\n  warnings.warn(smsg, UserWarning)\n/Users/andrewyang/anaconda3/envs/datainterpreter/lib/python3.11/site-packages/xgbo,/Users/andrewyang/anaconda3/envs/datainterpreter/lib/python3.11/site-packages/xgboost/core.py:158: UserWarning: [12:09:46] WARNING: /Users/runner/work/xgboost/xgboost/src/learner.cc:740: \nParameters: { \""use_label_encoder\"" } are not used.\n\n  warnings.warn(smsg, UserWarning)\n/Users/andrewyang/anaconda3/envs/datainterpreter/lib/python3.11/site-packages/xgboost/core.py:158: UserWarning: [12:09:46] WARNING: /Users/runner/work/xgboost/xgboost/src/learner.cc:740: \nParameters: { \""use_label_encoder\"" } are not used.\n\n  warnings.warn(smsg, UserWarning)\n/Users/andrewyang/anaconda3/envs/datainterpreter/lib/python3.11/site-packages/xgboost/core.py:158: UserWarning: [12:09:46] WARNING: /Users/runner/work/xgboost/xgboost/src/learner.cc:740: \nParameters: { \""use_label_encoder\"" } are not used.\n\n  warnings.warn(smsg, UserWarning)\n/Users/andrewyang/anaconda3/envs/datainterpreter/lib/python3.11/site-packages/xgboost/core.py:158: UserWarning: [12:09:46] WARNING: /Users/runner/work/xgboost/xgboost/src/learner.cc:740: \nParameters: { \""use_label_encoder\"" } are not used.\n\n  warnings.warn(smsg, UserWarning)\n/Users/andrewyang/anaconda3/envs/datainterpreter/lib/python3.11/site-packages/xgboost/core.py:158: UserWarning: [12:09:46] WARNING: /Users/runner/work/xgboost/xgboost/src/learner.cc:740: \nParameters: { \""use_label_encoder\"" } are not used.\n\n  warnings.warn(smsg, UserWarning)\n/Users/andrewyang/anaconda3/envs/datainterpreter/lib/python3.11/site-packages/xgboost/core.py:158: UserWarning: [12:09:46] WARNING: /Users/runner/work/xgboost/xgboost/src/learner.cc:740: \nParameters: { \""use_label_encoder\"" } are not used.\n\n  warnings.warn(smsg, UserWarning)\n/Users/andrewyang/anaconda3/envs/datainterpreter/lib/python3.11/site-packages/xgboost/core.py:158: UserWarning: [12:09:46] WARNING: /Users/runner/work/xgboost/xgboost/src/learner.cc:740: \nParameters: { \""use_label_encoder\"" } are not used.\n\n  warnings.warn(smsg, UserWarning)\n/Users/andrewyang/anaconda3/envs/datainterpreter/lib/python3.11/site-packages/xgbo,Test AUROC: 0.725\n"",
        ""is_success"": true,
        ""is_finished"": true
    },
    {
        ""task_id"": ""4"",
        ""dependent_task_ids"": [
            ""3""
        ],
        ""instruction"": ""Evaluate the model and report the test AUROC"",
        ""task_type"": ""model evaluate"",
        ""code"": ""# Since the model has already been trained and evaluated in the finished tasks,\n# we can directly report the test AUROC from the best model found using GridSearchCV.\n\n# The best model's test AUROC was already calculated and printed in the finished tasks.\n# Therefore, we will just print it again for clarity.\n\nprint(f'Test AUROC: {test_auroc:.3f}')\n"",
        ""result"": ""Test AUROC: 0.725\n"",
        ""is_success"": true,
        ""is_finished"": true
    }
]
## Current Task
{}
"
